group,n,precision,recall,FNR
30-45,320,0.15,0.15789473684210525,0.8421052631578947
45-60,256,0.168141592920354,0.5757575757575758,0.4242424242424242
60+,382,0.3289036544850498,0.8319327731092437,0.16806722689075626
<30,774,0.0,0.0,1.0
