group,n,precision,recall,FNR
30-45,320,0.0,0.0,1.0
45-60,256,0.2553191489361702,0.36363636363636365,0.6363636363636364
60+,382,0.3343558282208589,0.9159663865546218,0.08403361344537819
<30,774,0.0,0.0,1.0
