group,n,precision,recall,FNR
0,652,0.0,0.0,1.0
1,100,0.3880597014925373,0.8666666666666667,0.1333333333333333
2,119,0.23529411764705882,0.7058823529411765,0.2941176470588235
3,268,0.32978723404255317,0.6739130434782609,0.32608695652173914
4,351,0.30303030303030304,0.625,0.375
5,242,0.3548387096774194,0.6875,0.3125
