group,n,precision,recall,FNR
0,652,0.0,0.0,1.0
1,100,0.3770491803278688,0.7666666666666667,0.23333333333333328
2,119,0.2619047619047619,0.6470588235294118,0.3529411764705882
3,268,0.26785714285714285,0.6521739130434783,0.34782608695652173
4,351,0.23648648648648649,0.7291666666666666,0.27083333333333337
5,242,0.3013698630136986,0.6875,0.3125
