{
  "model": "xgboost_uncalibrated",
  "roc_auc": 0.8204922418405564,
  "pr_auc": 0.29519032342169177,
  "threshold": 0.44200167059898376,
  "precision_tuned": 0.2768878718535469,
  "recall_tuned": 0.6797752808988764,
  "f1_tuned": 0.3934959349593496,
  "support": {
    "tn": 1238,
    "fp": 316,
    "fn": 57,
    "tp": 121
  },
  "report": {
    "0": {
      "precision": 0.955984555984556,
      "recall": 0.7966537966537967,
      "f1-score": 0.8690768690768691,
      "support": 1554.0
    },
    "1": {
      "precision": 0.2768878718535469,
      "recall": 0.6797752808988764,
      "f1-score": 0.3934959349593496,
      "support": 178.0
    },
    "accuracy": 0.7846420323325635,
    "macro avg": {
      "precision": 0.6164362139190515,
      "recall": 0.7382145387763366,
      "f1-score": 0.6312864020181094,
      "support": 1732.0
    },
    "weighted avg": {
      "precision": 0.886192864428367,
      "recall": 0.7846420323325635,
      "f1-score": 0.8202007684574011,
      "support": 1732.0
    }
  },
  "chosen_operating_threshold": 0.44200167059898376
}